Queen,02/08/2019 ,Bohemian Rhapsody [Original Motion Picture Soundtrack] [LP] - VINYL,29.99,In Stock
Fleetwood Mac,06/24/2014 ,Greatest Hits [Warner Bros.] [LP] - VINYL,18.99,In Stock
Led Zeppelin,10/27/2014 ,Led Zeppelin IV [LP] - VINYL,23.99,In Stock
Elton John,11/10/2017 ,Diamonds [LP] - VINYL,33.99,In Stock
The Beatles,11/13/2012 ,Abbey Road [LP] - VINYL,20.99,In Stock
Journey,11/01/2011 ,Journey's Greatest Hits [Bonus LP Version] [LP] - VINYL,33.99,In Stock
The Doors,09/15/2009 ,Doors [180 Gram Vinyl] [LP] - VINYL,23.99,In Stock
Original Television Soundtrack,12/15/2017 ,Stranger Things [Music from the Netflix Original Series] [LP] - VINYL,22.99,In Stock
Elvis Presley,03/04/2016 ,Essential Elvis Presley [RCA/Sony BMG] [Two-LP] [LP] - VINYL,26.99,In Stock
Jimi Hendrix,07/29/2014 ,Are You Experienced? [LP] - VINYL,12.99,In Stock
The Rolling Stones,04/19/2019 ,Honk [LP] - VINYL,34.99,In Stock
King Crimson,11/22/2010 ,In the Court of the Crimson King [LP] - VINYL,20.99,In Stock
Khalid,05/31/2019 ,Free Spirit [LP] - VINYL,24.98,In Stock
Pink Floyd,11/04/2016 ,Dark Side of the Moon [LP] - VINYL,29.99,In Stock
Iron Maiden,10/27/2014 ,Piece of Mind [LP] - VINYL,20.99,In Stock
Pink Floyd,10/14/2016 ,Wish You Were Here [LP] - VINYL,29.99,In Stock
Bob Marley,07/07/2009 ,Legend [180 Gram Vinyl] [LP] - VINYL,23.99,In Stock
The Beatles,11/13/2012 ,Rubber Soul [2012 LP] [LP] - VINYL,20.99,In Stock
Metallica,11/10/2017 ,Master of Puppets [LP] - VINYL,18.99,In Stock
Frank Sinatra,06/09/2015 ,Ultimate Sinatra [180 Gram Vinyl] [LP] - VINYL,28.99,In Stock
Tool,09/17/1996 Parental Advisory,Undertow [LP] [PA],28.99,In Stock
Wu-Tang Clan,11/09/1993 Parental Advisory,Enter the Wu-Tang (36 Chambers) [LP] [PA],18.99,In Stock
Dr. Dre,05/22/2001 Parental Advisory,The Chronic [LP] [PA],22.99,In Stock
Lana Del Rey,02/21/2012 ,Born to Die [LP] - VINYL,15.99,In Stock
Kane Brown,06/30/2017 ,Kane Brown [LP] - VINYL,19.99,In Stock
Lorde,11/19/2013 ,Pure Heroine [LP] - VINYL,26.99,In Stock
Johnny Cash,03/04/2016 ,The Essential Johnny Cash [LP] - VINYL,26.99,In Stock
Pink Floyd,09/28/2018 ,The  Best of Pink Floyd: A Foot in the Door [LP] - VINYL,39.99,In Stock
Black Sabbath,02/03/2017 ,The Ultimate Collection  [LP] - VINYL,59.99,In Stock
Panic! At the Disco,02/10/2009 ,Pretty. Odd. [LP] - VINYL,18.99,In Stock
David Bowie,05/20/2016 ,Changesonebowie [Black Vinyl] [LP] - VINYL,20.99,Check Stores
Carole King,05/04/2018 ,Her Greatest Hits: Songs of Long Ago [LP] - VINYL,18.99,In Stock
Foo Fighters,11/03/2009 ,Greatest Hits [LP] - VINYL,22.99,In Stock
The Beach Boys,06/10/2016 ,Pet Sounds [50th Anniversary Stereo Edition] [LP] - VINYL,23.99,In Stock
Green Day,11/17/2017 ,Greatest Hits: God's Favorite Band [LP] - VINYL,26.99,Check Stores
Taylor Swift,12/09/2014 ,1989 [LP] - VINYL,23.99,In Stock
System of a Down,10/12/2018 ,Toxicity [LP] - VINYL,15.99,In Stock
Various Artists,07/26/2019 ,"Stranger Things: Soundtrack From the Netflix Original Series, Season 3 [LP] - VINYL",29.99,In Stock
Linkin Park,10/22/2013 ,Hybrid Theory [LP] - VINYL,20.99,In Stock
Kiss,03/29/2019 ,Kissworld: The Best of Kiss [LP] - VINYL,22.99,In Stock
Tyler Bates,09/16/2014 ,Guardians of the Galaxy: Deluxe [Original Motion Picture Soundtrack] [LP] - VINYL,23.99,In Stock
Sublime,06/24/2016 Parental Advisory,Sublime [LP] [PA],26.99,In Stock
Miles Davis,04/12/2011 ,Kind of Blue [180-Gram Vinyl] [LP] - VINYL,22.99,In Stock
John Mayer,03/06/2012 ,Where the Light Is: John Mayer Live in Los Angeles [LP] - VINYL,58.99,In Stock
Florence + the Machine,08/31/2010 ,Lungs [LP] - VINYL,16.99,In Stock
Kid Rock,02/08/2019 ,Greatest Hits: You Never Saw Coming [LP] - VINYL,29.99,In Stock
Waylon Jennings,08/23/2019 ,Greatest Hits [RCA] [LP] - VINYL,19.99,Pre-Order
Fleetwood Mac,10/12/2018 ,The Dance [LP] - VINYL,28.99,In Stock
The Beatles,11/13/2012 ,Magical Mystery Tour [Reissued] [Remastered] [180-gram Vinyl] [LP] - VINYL,22.99,In Stock
The Head and the Heart,05/17/2019 ,Living Mirage [LP] - VINYL,19.99,In Stock
Waylon Jennings,11/13/2015 ,The Ramblin' Man [LP] - VINYL,23.99,In Stock
Dirty Heads,11/24/2017 ,Swim Team [LP] - VINYL,13.99,In Stock
Men at Work,03/17/2017 ,Business as Usual [LP] - VINYL,23.99,In Stock
Tiny Moving Parts,09/13/2019 ,Breathe [LP] - VINYL,17.99,Pre-Order
Santana,11/20/2012 ,Moonflower [LP] - VINYL,29.99,In Stock
Bob Marley,09/25/2015 ,The Complete Island Recordings [LP] - VINYL,$299.99,In Stock
Kiss,09/23/2014 ,Gene Simmons [LP] - VINYL,22.99,In Stock
Dirty Heads,07/29/2014 Parental Advisory,Sound of Change [LP] [PA],17.99,In Stock
Dua Lipa,12/21/2018 ,Dua Lipa [Complete Edition] [LP] - VINYL,39.99,In Stock
Amy Winehouse,06/19/2007 Parental Advisory,Back to Black [LP] [PA],16.99,In Stock
Willie Nelson,04/28/2017 ,God's Problem Child [LP] - VINYL,18.99,In Stock
The National,05/17/2019 ,I Am Easy to Find [LP] - VINYL,58.99,In Stock
John Mayer,11/22/2005 ,John Mayer Trio Live [LP] - VINYL,23.99,In Stock
Rodney Crowell,08/16/2019 ,Texas [LP] - VINYL,17.99,Pre-Order
Bill Evans,02/22/2019 ,Stan Getz & Bill Evans [LP] - VINYL,22.99,In Stock
Willie Nelson,11/02/2018 ,Pretty Paper [LP] - VINYL,32.99,In Stock
Bobby Rush,08/16/2019 ,Sitting on Top of the Blues [LP] - VINYL,17.99,Pre-Order
The Runaways,02/24/2017 ,And Now... The Runaways [LP] - VINYL,23.99,In Stock
Johnny Cash,09/08/2017 ,I Walk the Line [LP] - VINYL,32.99,In Stock
Dillon Carmichael,10/26/2018 ,Hell on an Angel [LP] - VINYL,19.99,In Stock
John Coltrane,02/15/2019 ,Ballads [LP] - VINYL,19.99,In Stock
Willie Nelson,10/20/2017 ,"Willie Nelson and the Boys: Willie's Stash, Vol. 2 [LP] - VINYL",19.99,In Stock
Japanese Breakfast,04/01/2016 ,Psychopomp [LP] - VINYL,12.99,In Stock
AFI,10/22/2013 ,Burials [LP] - VINYL,22.99,In Stock
Kansas,07/20/2018 ,Kansas [LP] - VINYL,23.99,In Stock
Johnny Cash,09/29/2017 ,Greatest Hits [LP] - VINYL,19.99,In Stock
Stevie Ray Vaughan,01/22/2016 ,Live at Carnegie Hall [LP] - VINYL,29.99,In Stock
AC/DC,10/07/2003 ,The Razor's Edge [LP] - VINYL,17.99,In Stock
Original Game Soundtrack,01/31/2020 ,Final Fantasy VII. Remake/Final Fantasy VII  [LP] - VINYL,69.99,Pre-Order
Boy Harsher,04/27/2018 ,Yr Body Is Nothing [LP] - VINYL,19.99,In Stock
Tom Petty,07/29/2016 ,Greatest Hits [LP] - VINYL,28.99,In Stock
George Strait,11/17/2017 ,Icon: George Strait [LP] - VINYL,16.99,In Stock
Iron Maiden,11/24/2014 ,Seventh Son of a Seventh Son [LP] - VINYL,19.99,In Stock
Various Artists,06/28/2019 ,Woodstock: Back to the Garden (50th Anniversary Experience) [LP] - VINYL,$119.99,In Stock
Alan Silvestri,08/30/2019 ,Avengers: Endgame [Original Motion Picture Soundtrack] [LP] - VINYL,19.99,Pre-Order
Luke Combs,11/16/2018 ,This One's for You Too  [LP] - VINYL,27.99,In Stock
Slipknot,08/09/2019 ,We Are Not Your Kind [LP] - VINYL,29.99,In Stock
Styx,07/17/2015 ,Cornerstone [LP] - VINYL,22.99,In Stock
Bear McCreary,08/30/2019 ,GODZILLA: KING OF THE MONSTERS [LP] - VINYL,69.99,Pre-Order
Weezer,10/28/2016 ,Weezer [Green Album] [LP] - VINYL,16.99,In Stock
Thrice,08/16/2019 ,Beggars [10th Anniversary Edition]  [LP] - VINYL,29.99,Pre-Order
"Johnny ""Hammond"" Smith",10/02/2015 ,Gears [LP] - VINYL,29.99,In Stock
Two Door Cinema Club,04/26/2011 ,Tourist History [LP] - VINYL,16.99,In Stock
Lou Donaldson,08/09/2019 ,Alligator Boogaloo [LP] - VINYL,22.99,In Stock
Lauren Daigle,12/14/2018 ,Look Up Child [LP] - VINYL,23.99,In Stock
Jimi Hendrix,04/16/2016 ,Smash Hits [LP] - VINYL,15.99,In Stock
Bob Marley,08/23/2019 ,Soul Rebels [LP] - VINYL,23.99,Pre-Order
Disturbed,10/19/2018 ,Evolution [LP] - VINYL,18.99,In Stock
Ritual Howls,03/22/2019 ,Rendered Armor [LP] - VINYL,19.99,In Stock
Adele,02/22/2011 ,21 [LP] - VINYL,18.99,In Stock
Weezer,10/28/2016 ,Weezer [Blue Album] [LP] - VINYL,16.99,In Stock
Fleetwood Mac,04/16/2011 ,Rumours [35th Anniversary Edition] [LP] - VINYL,23.99,In Stock
The Beatles,12/09/2014 ,1962-1966 [LP] - VINYL,32.99,In Stock
Jimi Hendrix,03/09/2010 ,Electric Ladyland [LP] - VINYL,15.99,In Stock
Interpol,09/07/2010 ,Turn on the Bright Lights [LP] - VINYL,22.99,In Stock
The Black Keys,06/28/2019 ,Let's Rock [LP] - VINYL,19.99,In Stock
Freddie Gibbs,07/26/2019 ,Bandana [LP] - VINYL,22.99,In Stock
Travis Scott,11/16/2018 Parental Advisory,Astroworld [LP] [PA],29.99,In Stock
James Brown,10/06/2017 ,Live at the Apollo [LP] - VINYL,19.99,In Stock
Solange,07/26/2019 Parental Advisory,When I Get Home [Clear colour Vinyl] [LP] [PA],23.99,In Stock
The Beatles,11/13/2012 ,Revolver [Remastered] [LP] - VINYL,20.99,In Stock
Sublime with Rome,08/02/2019 ,Blessings [LP] - VINYL,23.99,In Stock
Queen,11/18/2016 ,Greatest Hits [2 LP] [LP] - VINYL,32.99,In Stock
"Tyler, The Creator",09/27/2019 ,IGOR [LP] - VINYL,23.99,Pre-Order
Drake,12/13/2011 Parental Advisory,Take Care [LP] [PA],23.99,In Stock
Kendrick Lamar,10/22/2012 ,"Good Kid, M.A.A.D. City [LP] [Bonus Tracks]",20.99,In Stock
Original Game Soundtrack,02/07/2020 ,Final Fantasy VII. Remake/Final Fantasy VII [Limited Edition] [LP] - VINYL,$119.99,Pre-Order
Prince,06/23/2017 ,Purple Rain [Paisley Park Remaster] [LP] - VINYL,23.99,In Stock
Mastodon,05/05/2009 ,Crack the Skye [LP] - VINYL,14.99,In Stock
Led Zeppelin,06/03/2014 ,Led Zeppelin II [Remastered] [LP] - VINYL,23.99,In Stock
Lauryn Hill,12/15/2014 ,The Miseducation of Lauryn Hill [LP] - VINYL,26.99,In Stock
Bradley Cooper,10/05/2018 Parental Advisory,A Star Is Born [2018] [Original Motion Picture Soundtrack] [LP] [PA],33.99,In Stock
Rush,03/17/2015 ,2112 [LP] - VINYL,26.99,In Stock
Billie Eilish,11/10/2017 ,dont smile at me [LP] - VINYL,19.99,In Stock
Creedence Clearwater Revival,07/01/1991 ,Chronicle: The 20 Greatest Hits [LP] - VINYL,23.99,In Stock
AC/DC,10/14/2003 ,Back in Black [LP] - VINYL,19.99,In Stock
Lynyrd Skynyrd,11/30/2018 ,Skynyrd's Innyrds: Greatest Hits [LP] - VINYL,17.99,In Stock
Elton John,04/08/2014 ,Goodbye Yellow Brick Road [LP] - VINYL,28.99,In Stock
Marvin Gaye,12/09/2008 ,What's Going On [180 Gram Vinyl] [LP] - VINYL,23.99,In Stock
Pink Floyd,08/26/2016 ,The Wall [LP] - VINYL,42.99,In Stock
Eagles,02/08/2011 ,Their Greatest Hits 1971-1975 [LP] - VINYL,23.99,In Stock
Metallica,11/02/2018 ,...And Justice for All [LP] - VINYL,23.99,In Stock
Tool,09/17/1996 Parental Advisory,Opiate [EP] [LP] [PA],.99,Check Stores
John Denver,01/18/2019 ,Greatest Hits [LP] - VINYL,18.99,In Stock
The Beatles,11/09/2018 ,The Beatles [White Album] [50th Anniversary Edition] [LP] - VINYL,42.99,In Stock
Twenty One Pilots,07/31/2015 ,Blurryface [LP] - VINYL,26.99,In Stock
Original Soundtrack,08/11/2017 ,"Guardians of the Galaxy: Awesome Mix, Vol. 2 [Deluxe Edition] [2 LP] [LP] - VINYL",26.99,In Stock
Nine Inch Nails,11/17/2017 ,The Fragile [Definitive Edition] [LP] - VINYL,39.99,In Stock
Queen,02/10/2017 ,Greatest Hits II [LP] - VINYL,32.99,In Stock
Garth Brooks,11/01/2019 ,Legacy Collection [Limited Edition Numbered] [7 180 Gram Vinyl/7 CD] [Poster] [LP] - VINYL,74.99,Pre-Order
Radiohead,10/14/2016 ,Kid A [LP] - VINYL,23.99,In Stock
NF,09/13/2019 ,The Search [LP] - VINYL,23.99,Pre-Order
Lin-Manuel Miranda,04/15/2016 Parental Advisory,Hamilton: An American Musical [Original Broadway Cast Recording] [4 LP Box Set] [LP] [PA],69.99,In Stock
Nipsey Hussle,04/20/2018 Parental Advisory,Victory Lap [LP] [PA],29.99,In Stock
Greta Van Fleet,10/19/2018 ,Anthem of the Peaceful Army [LP] - VINYL,18.99,In Stock
Steve Miller,10/27/2017 ,Ultimate Hits [LP] - VINYL,28.99,In Stock
Panic! At the Disco,04/01/2016 ,Death of a Bachelor [LP] - VINYL,18.99,In Stock
Khalid,04/14/2017 ,American Teen [LP] - VINYL,18.99,In Stock
The Beatles,11/13/2012 ,Past Masters Vol. 1 & 2 [LP] - VINYL,32.99,In Stock
Nas,01/22/2013 Parental Advisory,Illmatic [LP] [PA],22.99,In Stock
The Beatles,11/13/2012 ,Let It Be [LP] - VINYL,20.99,In Stock
The Beach Boys,03/02/2018 ,Sounds of Summer: The Very Best of the Beach Boys [LP] - VINYL,22.99,In Stock
Adele,11/20/2015 ,25 [LP] - VINYL,24.99,In Stock
TLC,10/02/2012 ,CrazySexyCool [LP] - VINYL,26.99,In Stock
Jimi Hendrix,09/08/2017 ,Experience Hendrix: The Best of Jimi Hendrix [LP] - VINYL,19.99,In Stock
The Beatles,12/15/2017 ,Sgt. Pepper's Lonely Hearts Club Band [50th Anniversary Edition] [1 LP] [LP] - VINYL,22.99,In Stock
Neil Young,12/22/2009 ,Greatest Hits [LP] - VINYL,46.99,In Stock
The Beatles,11/09/2018 ,The Beatles [White Album] [50th Anniversary Deluxe Edition] [LP] - VINYL,94.99,In Stock
Sebastián Yatra,06/07/2019 ,Fantasia [LP] - VINYL,19.99,In Stock
AC/DC,10/14/2003 ,Highway to Hell [LP] - VINYL,19.99,In Stock
Coheed and Cambria,10/21/2014 ,In Keeping Secrets of Silent Earth: 3 [LP] - VINYL,35.99,In Stock
Kendrick Lamar,07/14/2017 ,DAMN. [LP] - VINYL,29.99,In Stock
Eagles,03/08/2019 ,Hell Freezes Over [25th Anniversary Edition] [LP] - VINYL,33.99,In Stock
Ty Segall,08/02/2019 ,First Taste [LP] - VINYL,22.99,In Stock
Dirty Heads,12/07/2018 ,Any Port in a Storm [LP] - VINYL,29.99,In Stock
The Beatles,11/13/2012 ,Please Please Me [LP Remaster] [LP] - VINYL,22.99,In Stock
Cage the Elephant,10/08/2013 ,Melophobia [LP] - VINYL,14.99,In Stock
Billy Joel,08/09/2019 ,River of Dreams [LP] - VINYL,32.99,In Stock
Bernard Herrmann,08/09/2019 ,Marnie [Original Motion Picture Soundtrack] [Super Deluxe Edition] [LP] - VINYL,58.99,In Stock
Frenzal Rhomb,05/26/2017 ,Hi-Vis High Tea [LP] - VINYL,12.99,In Stock
Dirty Heads,07/15/2016 ,Dirty Heads [LP] - VINYL,17.99,In Stock
The Runaways,10/06/2017 ,Live in New York 1978 [LP] - VINYL,23.99,In Stock
Kansas,09/28/2018 ,Audio-Visions [LP] - VINYL,32.99,In Stock
Strung Out,08/09/2019 ,Songs of Armor and Devotion [LP] - VINYL,14.99,In Stock
Twenty One Pilots,10/05/2018 ,Trench [LP] - VINYL,28.99,In Stock
Radiohead,05/20/2016 ,In Rainbows [180 Gram Vinyl] [LP] - VINYL,22.99,In Stock
2Pac,05/22/2001 Parental Advisory,All Eyez on Me [LP] [PA],28.99,In Stock
A Tribe Called Quest,11/09/1993 ,Midnight Marauders [LP] - VINYL,18.99,In Stock
Foreigner,11/16/2018 ,Records [Red Vinyl] [LP] - VINYL,20.99,In Stock
Metallica,04/15/2016 ,Ride the Lightning [LP] - VINYL,18.99,In Stock
W.A.S.P.,11/27/2012 ,Inside the Electric Circus [LP] - VINYL,19.99,In Stock
Beastie Boys,10/14/2016 ,Licensed to Ill [30th Anniversary Edition] [LP] - VINYL,23.99,In Stock
Pearl Jam,11/10/2017 ,Ten [LP] - VINYL,15.99,In Stock
Guns N' Roses,06/29/2018 ,Appetite for Destruction [2018 Remaster] [LP] - VINYL,33.99,In Stock
J. Cole,03/17/2015 ,2014 Forest Hills Drive [LP] - VINYL,23.99,In Stock
R.E.M.,06/14/2019 ,In Time: The Best of R.E.M. 1988-2003 [LP] - VINYL,28.99,In Stock
Kids See Ghosts,11/02/2018 ,Kids See Ghosts [LP] - VINYL,14.99,In Stock
Nine Inch Nails,07/12/2011 ,Pretty Hate Machine [LP] - VINYL,20.99,In Stock
Gorillaz,03/17/2015 Parental Advisory,Gorillaz [LP] [PA],20.99,In Stock
Ed Sheeran,03/03/2017 ,Divide [Deluxe Version] [45RPM 180 Gram Vinyl] [Digital Download] [LP] - VINYL,29.99,In Stock
Queen,12/21/2018 ,The Game [LP] - VINYL,22.99,In Stock
Cardi B,12/07/2018 ,Invasion of Privacy [LP] - VINYL,27.99,In Stock
Phil Collins,10/12/2018 ,The Singles [LP] - VINYL,39.99,In Stock
Aerosmith,04/20/2013 ,Toys in the Attic [Remastered] [LP] - VINYL,19.99,In Stock
Soundgarden,06/03/2014 ,Superunknown [LP] - VINYL,28.99,In Stock
Bob Seger,06/02/2017 ,Greatest Hits [2LP] [LP] - VINYL,28.99,In Stock
Eagles,07/21/2017 ,"Their Greatest Hits, Vols. 1 & 2 [LP] - VINYL",37.99,In Stock
Elvis Presley,11/30/2018 ,The King in the Ring [LP] - VINYL,22.99,In Stock
2Pac,02/16/2018 Parental Advisory,Strictly 4 My N.I.G.G.A.Z. [LP] [PA],28.99,In Stock
Iron Maiden,10/14/2014 ,Number of the Beast [LP] - VINYL,20.99,In Stock
Various Artists,04/05/2019 ,Many Faces of Queen [LP] - VINYL,25.99,In Stock
David Bowie,02/26/2016 ,Rise and Fall of Ziggy Stardust and the Spiders from Mars [LP] - VINYL,20.99,In Stock
The Allman Brothers Band,09/23/2008 ,Live At Fillmore East (Ogv) - VINYL,28.99,In Stock
"Crosby, Stills & Nash",06/29/2018 ,CSN [LP] - VINYL,20.99,In Stock
-1893-- Artist:Grateful Dead,09/06/2011 ,American Beauty [180g] [LP] - VINYL,23.99,Check Stores
Bruce Springsteen,06/16/2015 ,Born to Run [LP] - VINYL,22.99,In Stock
Rush,10/01/2013 ,Vapor Trails [180 Gram Vinyl] [LP] - VINYL,28.99,Check Stores
Mötley Crüe,03/22/2019 ,The  Dirt [Official Soundtrack] [LP] - VINYL,23.99,In Stock
Black Sabbath,08/05/2016 ,Paranoid [LP] - VINYL,20.99,Check Stores
Sturgill Simpson,04/15/2016 ,A Sailor's Guide to Earth [Bonus CD] [LP] - VINYL,20.99,In Stock
Snow Patrol,01/18/2019 ,Eyes Open [LP] - VINYL,28.99,In Stock
Future,07/13/2018 Parental Advisory,Superfly [Original Motion Picture Soundtrack] [LP] [PA],33.99,In Stock
James Taylor,12/03/2013 ,Greatest Hits [LP] - VINYL,18.99,In Stock
Joan Jett,03/01/2019 ,Bad Reputation [Music From the Original Motion Picture] [LP] - VINYL,18.99,Check Stores
Meat Loaf,03/08/2019 ,Hits Out of Hell [LP] - VINYL,20.99,In Stock
The Rolling Stones,06/09/2015 ,Sticky Fingers [LP] - VINYL,23.99,In Stock
Chris Stapleton,05/26/2015 ,Traveller [LP] - VINYL,16.99,In Stock
Michael Jackson,05/06/2016 ,Thriller [LP] - VINYL,19.99,In Stock
R.E.M.,11/10/2017 ,Automatic for the People [25th Anniversary Edition] [LP] - VINYL,22.99,In Stock
Girls Against Boys,07/25/1995 ,Venus Luxure No. 1 Baby [LP] - VINYL,14.99,In Stock
Chris Bacon,08/23/2019 ,Men in Black International [Original Motion Picture Soundtrack] [LP] - VINYL,19.99,Pre-Order
Danny Elfman,01/05/2018 ,Men in Black [Original Score] [LP] - VINYL,19.99,In Stock
John Ottman,09/02/2016 ,X-Men: Apocalypse [Original Motion Picture Soundtrack] [LP] - VINYL,39.99,In Stock
The Men,03/05/2013 ,New Moon [LP] - VINYL,17.99,In Stock
Henry Jackman,07/15/2016 ,X-Men: First Class [Original Motion Picture Soundtrack] [LP] - VINYL,39.99,In Stock
Original Motion Picture Soundtrack,01/27/2017 ,20th Century Women [Music from the Motion Picture [LP] - VINYL,19.99,In Stock
The Shirelles,07/30/2013 ,Baby It's You [LP] - VINYL,22.99,In Stock
The Rolling Stones,11/21/2011 ,Some Girls [LP] - VINYL,22.99,In Stock
Cole Porter,11/04/2014 ,The Seeburg Music Library: Best of Cole Porter [LP] - VINYL,23.99,In Stock
AC/DC,10/14/2003 ,Powerage [LP] - VINYL,17.99,In Stock
The xx,10/20/2009 ,xx [LP] - VINYL,22.99,In Stock
The Green River Boys,09/21/2018 ,Big Bluegrass Special [LP] - VINYL,19.99,In Stock
Yellow Magic Orchestra,09/20/2019 ,Naughty Boys [LP] - VINYL,58.99,Pre-Order
U2,07/27/2018 ,The Best of 1980-1990 [LP] - VINYL,28.99,In Stock
Jimi Hendrix,09/30/2008 ,Band of Gypsys [LP] - VINYL,22.99,In Stock
Rob Zombie,03/30/2018 ,Hellbilly Deluxe [LP] - VINYL,18.99,In Stock
Gorillaz,09/28/2010 ,Plastic Beach [LP] - VINYL,18.99,In Stock
Daft Punk,05/21/2013 ,Random Access Memories [180 Gram Vinyl] [LP] - VINYL,33.99,In Stock
John Williams,03/16/2018 ,Star Wars: The Last Jedi [2 LP] [LP] - VINYL,22.99,In Stock
Bruno Mars,11/18/2016 ,24K Magic [LP] - VINYL,18.99,In Stock
Boy Harsher,02/01/2019 ,Careful [LP] - VINYL,19.99,In Stock
Sublime,02/22/2019 ,Greatest Hits [LP] - VINYL,26.99,In Stock
Imagine Dragons,07/21/2017 ,Evolve [LP] - VINYL,22.99,In Stock
Chris Stapleton,12/01/2017 ,From A Room: Volume 2 [LP] - VINYL,20.99,In Stock
Kendrick Lamar,10/23/2015 ,To Pimp a Butterfly [LP] - VINYL,26.99,In Stock
Nirvana,04/12/2019 ,Live at the Paramount  [LP] - VINYL,31.99,In Stock
Led Zeppelin,06/03/2014 ,Led Zeppelin [Deluxe Edition] [Remastered] [LP] - VINYL,49.99,In Stock
Pantera,10/30/2015 ,History of Hostility [LP] - VINYL,18.99,In Stock
Various Artists,08/16/2016 ,Forever Disco [2016] [LP] - VINYL,15.99,In Stock
Maroon 5,01/19/2018 ,Red Pill Blues [LP] - VINYL,20.99,In Stock
David Arnold,08/16/2019 ,Good Omens [Original TV Soundtrack] [LP] - VINYL,47.99,Pre-Order
Radiohead,05/20/2016 ,OK Computer [LP] - VINYL,26.99,In Stock
Prince,09/21/2018 ,Piano & a Microphone 1983 [LP] - VINYL,20.99,In Stock
The Darkness,06/15/2018 ,Live at Hammersmith [LP] - VINYL,29.99,In Stock
Paul McCartney,05/18/2018 ,Wings Greatest [LP] - VINYL,22.99,In Stock
Pink Floyd,11/17/2017 ,Delicate Sound of Thunder [LP] - VINYL,37.99,In Stock
Eagles,02/24/2015 ,Hotel California [LP] - VINYL,23.99,In Stock
The Frogs,09/06/2019 ,It's Only Right and Natural [LP] - VINYL,19.99,Pre-Order
Rise Against,07/27/2018 Parental Advisory,"The Ghost Note Symphonies, Vol. 1 [LP] [PA]",18.99,In Stock
Ace Frehley,10/19/2018 ,Spaceman [LP] - VINYL,23.99,In Stock
Missy Higgins,01/25/2019 ,On a Clear Night [LP] - VINYL,39.99,In Stock
Bon Jovi,11/04/2016 ,Crush [LP] - VINYL,29.99,In Stock
Colter Wall,09/27/2019 ,Colter Wall [LP] - VINYL,17.99,Pre-Order
Five Finger Death Punch,06/01/2018 ,A  Decade of Destruction [LP] - VINYL,23.99,In Stock
Dervish,05/24/2019 ,The Great Irish Songbook [LP] - VINYL,23.99,In Stock
Various Artists,11/16/2018 ,Disney Ultimate Hits [LP] - VINYL,23.99,In Stock
Sinner,09/14/2018 ,Touch of Sin [LP] - VINYL,23.99,In Stock
Beach House,05/11/2018 ,7 [LP] - VINYL,19.99,In Stock
Better Oblivion Community Center,02/22/2019 ,Better Oblivion Community Center [LP] - VINYL,19.99,In Stock
John Lennon,08/21/2015 ,Imagine [LP] - VINYL,20.99,In Stock
The Smashing Pumpkins,11/29/2011 ,Gish [LP] - VINYL,18.99,In Stock
Pink Floyd,11/17/2017 ,Collection of Great Dance Songs [LP] - VINYL,26.99,In Stock
Bob Dylan,02/16/2018 ,Greatest Hits [LP] - VINYL,18.99,In Stock
Avenged Sevenfold,02/10/2017 ,The Best of 2005-2013 [LP] - VINYL,33.99,In Stock
Michael Jackson,05/06/2016 ,Off the Wall [LP] - VINYL,18.99,In Stock
Maggie Rogers,01/18/2019 ,Heard It in a Past Life [LP] - VINYL,19.99,In Stock
8133 Release Date:06/22/2018,06/22/2018 ,RKHA-LP-BAD WITCH,13.99,In Stock
A Perfect Circle,09/16/2003 ,Thirteenth Step [LP] - VINYL,22.99,In Stock
Ozzy Osbourne,05/31/2011 ,Blizzard of Ozz [LP] - VINYL,20.99,In Stock
blink-182,12/23/2016 ,Dude Ranch [LP] - VINYL,26.99,In Stock
Various Artists,11/23/2017 ,Gentle Giants: The Songs of Don Williams [LP] - VINYL,27.99,In Stock
Circle Jerks,09/06/1993 ,Group Sex [LP] - VINYL,12.99,In Stock
Zucchero,04/07/2017 ,Black Cat [LP] - VINYL,22.99,In Stock
AWOLNATION,02/02/2018 ,Here Come the Runts [LP] - VINYL,18.99,In Stock
Kid Cudi,09/15/2009 Parental Advisory,Man on the Moon: The End of Day [LP] [PA],22.99,In Stock
Lamb of God,05/03/2019 ,Ashes of the Wake [15th Anniversary] [LP] - VINYL,23.99,In Stock
Jay-Z,09/11/2001 Parental Advisory,The Blueprint [LP] [PA],28.99,In Stock
D'Angelo,05/18/2015 ,Brown Sugar [LP] - VINYL,32.99,In Stock
Future,03/15/2019 ,FUTURE HNDRXX PRESENTS: THE WIZRD [Purple & Orange Vinyl] [Only @ Best Buy] [LP] - VINYL,28.99,In Stock
A Tribe Called Quest,12/23/2016 ,We Got It from Here... Thank You 4 Your Service [LP] - VINYL,28.99,In Stock
Anderson .Paak,01/25/2019 Parental Advisory,Oxnard [LP] [PA],29.99,In Stock
Def Leppard,02/08/2019 ,The  Story So Far: The Best of Def Leppard [LP] - VINYL,28.99,In Stock
Bruce Springsteen,06/16/2015 ,Born in the U.S.A. [LP] - VINYL,23.99,In Stock
John Mellencamp,09/28/2018 ,The Best That I Could Do 1978-1988 [LP] - VINYL,22.99,In Stock
Red Hot Chili Peppers,01/10/2012 Parental Advisory,Blood Sugar Sex Magik [LP] [PA],33.99,In Stock
The Rolling Stones,11/25/2003 ,Hot Rocks: 1964-1971 [LP] - VINYL,28.99,In Stock
The Beatles,12/09/2014 ,LOVE [LP] - VINYL,46.99,In Stock
The Strokes,01/01/2001 ,Is This It (LP) [LP] - VINYL,18.99,In Stock
Chris Stapleton,05/05/2017 ,From A Room: Volume 1 [LP] - VINYL,20.99,In Stock
Nirvana,08/30/2019 ,"Live & Loud: Seattle, WA, 13th December 1993 [LP] - VINYL",23.99,Pre-Order
Mac Miller,11/23/2018 ,Swimming [LP] - VINYL,23.99,In Stock
Original Soundtrack,07/09/2019 ,Woodstock Two [LP] - VINYL,32.99,In Stock
Aretha Franklin,09/28/2018 ,"The Atlantic Singles Collection, 1967-1970 [LP] - VINYL",29.99,Check Stores
Weezer,10/28/2016 ,Pinkerton [LP] - VINYL,16.99,In Stock
"Dixon,Kyle / Stein,Michael",06/15/2018 ,"SDTRK-LP-SEASON ONE, VOL. 1",28.99,Check Stores
Leon Bridges,06/23/2015 ,Coming Home [LP] - VINYL,18.99,In Stock
Tame Impala,08/16/2011 ,Innerspeaker [LP] - VINYL,22.99,In Stock
Pearl Jam,03/24/2009 ,Ten [Vinyl Collection] [LP] - VINYL,27.99,In Stock
Greta Van Fleet,12/08/2017 ,Black Smoke Rising [LP] - VINYL,16.99,In Stock
Various Artists,07/19/2019 ,"Woodstock: Music from the Original Soundtrack and More, Vol. 1 [LP] - VINYL",47.99,In Stock
U2,12/01/2017 ,Songs of Experience [Extra Deluxe Edition] [2 LP/1 CD] [LP] - VINYL,97.99,In Stock
Troye Sivan,01/29/2016 ,Blue Neighbourhood [LP] - VINYL,22.99,In Stock
Melanie Martinez,11/27/2015 ,Cry Baby [LP] - VINYL,19.99,In Stock
Joey Bada$$,04/07/2017 ,All-Amerikkkan Bada$$ [LP] - VINYL,23.99,In Stock
Led Zeppelin,02/24/2015 ,Physical Graffiti [Two-LP] [Remastered] [OGV] [LP] - VINYL,37.99,In Stock
The Cure,06/30/2017 ,Greatest Hits [LP] - VINYL,33.99,Check Stores
Eric Clapton,07/31/2015 ,Forever Man [LP] - VINYL,23.99,In Stock
Childish Gambino,04/19/2014 ,Because the Internet [LP] - VINYL,35.99,In Stock
Ozzy Osbourne,05/31/2011 ,Diary of a Madman [LP] - VINYL,20.99,In Stock
Kings of Leon,10/14/2016 ,WALLS [LP] - VINYL,20.99,Check Stores
Kendrick Lamar,05/11/2018 Parental Advisory,Black Panther: The Album [Music from and Inspired By] [LP] [PA],28.99,In Stock
Kiss,04/01/2014 ,Destroyer [LP] - VINYL,22.99,In Stock
Drake,11/16/2018 ,Scorpion [LP] - VINYL,33.99,In Stock
Cold Chisel,04/21/2015 ,Cold Chisel [Limited Edition Vinyl Box Set] [LP] - VINYL,$499.99,In Stock
The Stylistics,10/17/1990 ,The Best of the Stylistics [Amherst] [LP] - VINYL,17.99,In Stock
Kiss,04/01/2014 ,Kiss [LP] - VINYL,22.99,In Stock
David Bowie,01/08/2016 ,Blackstar [LP] - VINYL,28.99,Check Stores
Velvet Revolver,05/20/2014 ,Contraband [LP] - VINYL,29.99,In Stock
Led Zeppelin,11/20/2015 ,Mothership [180 Gram Vinyl] [LP] - VINYL,59.99,Check Stores
Gorillaz,06/29/2018 ,The Now Now [LP] - VINYL,18.99,Check Stores
Foo Fighters,09/15/2017 ,Concrete and Gold [2 LP] [LP] - VINYL,18.99,In Stock
El Michels Affair,04/17/2009 ,Enter the 37th Chamber [LP] - VINYL,17.99,In Stock
Maroon 5,07/20/2015 ,V [LP] - VINYL,19.99,In Stock
Eminem,12/13/2005 Parental Advisory,Curtain Call: The Hits [LP] [PA],23.99,In Stock
"Earth, Wind & Fire",01/19/2018 ,"Greatest Hits, Vol. 1 [LP] - VINYL",18.99,In Stock
John Coltrane,06/20/1995 ,A  Love Supreme [LP] - VINYL,22.99,In Stock
The Notorious B.I.G.,09/03/2013 ,Ready to Die [LP] - VINYL,28.99,In Stock
Aerosmith,06/21/2019 ,Aerosmith's Greatest Hits [LP] - VINYL,22.98,In Stock
Al Green (Vocals),06/23/2009 ,RB-LP-GREATEST HITS,16.99,In Stock
Nina Hagen Band,04/12/2019 ,Original Vinyl Classics: Nina Hagen Band/Unbehagen [LP] - VINYL,22.99,In Stock
Hauschka,12/07/2018 ,Patrick Melrose [Original Television Soundtrack] [LP] - VINYL,29.99,In Stock
James Maddock,11/11/2013 ,Another Life [LP] - VINYL,14.99,In Stock
No Thank You,04/06/2018 ,All It Takes to Ruin It All [LP] - VINYL,14.99,In Stock
U.K. Subs,04/29/2016 ,Friends and Relations [LP] - VINYL,23.99,In Stock
The Bloodhounds,11/18/2014 ,LET LOOSE (DLCD),17.99,In Stock
Burning Witches,11/16/2018 ,Hexenhammer [LP] - VINYL,34.99,In Stock
The Kickdrums,10/22/2013 ,Thinking Out Loud [LP] - VINYL,19.99,In Stock
Million Dead,05/31/2019 ,Harmony No Harmony [LP] - VINYL,22.99,In Stock
Sol Invictus,03/23/2018 ,Necropolis [LP] - VINYL,23.99,In Stock
Dillinger Four,06/23/1998 ,MIDWESTERN SONGS OF THE AMERICAS,19.99,In Stock
Andrew McMahon,02/10/2017 ,Zombies on Broadway [LP] - VINYL,19.99,In Stock
Del Barber,06/30/1990 ,Headwaters [LP] - VINYL,23.99,In Stock
Ezra Furman,07/10/2015 ,Perpetual Motion People [LP] - VINYL,22.99,In Stock
Ponytail,04/12/2011 ,Do Whatever You Want All the Time [LP] - VINYL,14.99,In Stock
The Low Anthem,02/23/2018 ,The Salt Doll Went to Measure the Depth of the Sea [LP] - VINYL,22.99,In Stock
Wolfgang Flür,09/21/2018 ,Eloquence: Complete Works [LP] - VINYL,23.99,In Stock
Wire,04/07/2017 ,Silver/Lead [LP] - VINYL,29.99,In Stock
White Lion,09/06/2019 ,Fight to Survive [LP] - VINYL,29.99,Pre-Order
"Lewis,Jerry Lee",06/09/2017 ,"LIVE FROM AUSTIN,TX (180 GRAM VINYL) (DL",29.99,In Stock
Nickelback,07/07/2017 ,The Long Road [LP] - VINYL,19.99,In Stock
Modeselektor,06/01/2018 ,"Modeselektion, Vol. 04 #4 [LP] - VINYL",12.99,In Stock
Crash Test Dummies,06/28/2019 ,God Shuffled His Feet [LP] - VINYL,32.99,In Stock
Osamu Kitajima,08/16/2019 ,The Early Years Boxset [LP] - VINYL,$179.99,Pre-Order
The Delines,04/26/2019 ,Colfax [LP] - VINYL,19.99,In Stock
Lisa Stansfield,04/06/2018 ,Deeper [LP] - VINYL,27.99,In Stock
Red Red Meat,05/26/2015 ,Bunny Gets Paid [LP] - VINYL,19.99,In Stock
Nada Surf,06/17/2008 ,Lucky [LP] - VINYL,17.99,In Stock
Prins Thomas,07/14/2017 ,Square One [LP] - VINYL,19.99,In Stock
Graham Reznick,07/26/2019 ,Glass Angles [LP] - VINYL,34.99,In Stock
Chet Baker,02/17/2015 ,Chet Baker Sings [LP] - VINYL,14.99,In Stock
Tommy McCook & the Supersonics,07/19/2019 ,Greater Jamaica Moonwalk Reggae [LP] - VINYL,23.99,In Stock
Thelema,05/01/2012 ,Hearing the Light [LP] - VINYL,27.99,In Stock
School of Language,07/26/2019 ,45 [LP] - VINYL,16.99,In Stock
Skryptor,03/29/2019 ,Luminous Volumes [LP] - VINYL,19.99,In Stock
Steve Moore,05/10/2019 ,Beloved Exile [LP] - VINYL,22.99,In Stock
TaxiWars,09/13/2019 ,Artificial Horizon [LP] - VINYL,23.99,Pre-Order
Cindy Lee,03/09/2018 ,Act of Tenderness [LP] - VINYL,19.99,In Stock
Come On,06/16/2017 ,1979-1980 [LP] - VINYL,32.99,In Stock
Kelly Willis,05/18/2018 ,Back Being Blue [LP] - VINYL,17.99,In Stock
Henry Mancini,06/16/2017 ,Arabesque [Original Motion Picture Soundtrack] [LP] - VINYL,29.99,In Stock
Comet Gain,03/03/2017 ,City Fallen Leaves [LP] - VINYL,29.99,In Stock
Braen's Machine,01/29/2016 ,Temi Ritmici e Dinamici [Original Soundtrack] [LP] - VINYL,39.99,In Stock
Various Artists,07/19/2019 ,Give Me Love: Baghdad 1925-1929 [LP] - VINYL,23.99,In Stock
Pip Proud,12/09/2014 ,A Bird in the Engine [LP] - VINYL,23.99,In Stock
Ektomorf,02/16/2018 ,Fury [LP] - VINYL,22.99,In Stock
John Panduranga Henderson,11/23/2017 ,Ocean of Love [LP] - VINYL,19.99,In Stock
Thriftstore Masterpiece,07/09/2013 ,TROUBLE IS A LONESOME TOWN,19.99,In Stock
Jeffrey Martin,11/17/2017 ,One Go Around [LP] - VINYL,19.99,In Stock
Frenetik & Orang3,03/29/2019 ,Zerosei [LP] - VINYL,32.99,In Stock
Marah,01/19/2018 ,Kids in Philly [LP/CD] [LP] - VINYL,19.99,In Stock
This Mortal Coil,12/07/2018 ,Filigree & Shadow [LP] - VINYL,32.99,In Stock
Perkele,01/25/2019 ,Leaders of Tomorrow [LP] - VINYL,34.99,In Stock
Lydia Loveless,10/13/2017 ,Boy Crazy and Single(s) [LP] - VINYL,19.99,In Stock
Woom,07/20/2010 ,Muu's Way [LP] - VINYL,14.99,In Stock
Palito Ortega,02/08/2019 ,Romanticos 60's [LP] - VINYL,32.99,In Stock
Sarah Vaughan,08/19/2016 ,After Hours [LP] - VINYL,39.99,In Stock
Sarah Vaughan,10/07/2016 ,You're Mine You [LP] - VINYL,17.99,In Stock
The Tough Shits,03/15/2019 ,Burning in Paradise [LP] - VINYL,19.99,In Stock
Judas Priest,10/23/2015 ,Sad Wings of Destiny [LP] - VINYL,29.99,In Stock
Korpiklaani,09/14/2018 ,Kulkija [LP] - VINYL,34.99,In Stock
Dokken,10/27/2009 ,Beast from the East [LP] - VINYL,23.99,In Stock
The Notorious B.I.G.,04/19/2014 ,Life After Death [LP] - VINYL,39.99,In Stock
Saltillo,08/14/2015 ,Monocyte [LP] - VINYL,19.99,In Stock
Bo Diddley,11/04/2014 ,Best of Bo Diddley [Vinyl Passion] [LP] - VINYL,17.99,In Stock
Daniel Romano,05/27/2016 ,Mosey [LP] - VINYL,22.99,In Stock
? & the Mysterians,04/05/2019 ,96 Tears EP [LP] - VINYL,22.99,In Stock
B.B. King,07/14/2015 ,Live & Well [LP] - VINYL,29.99,In Stock
Desiderii Marginis,02/08/2019 ,Dead Beat [LP] - VINYL,19.99,In Stock
GWAR,11/17/2017 ,The  Blood of Gods [LP] - VINYL,36.99,In Stock
Jean Ritchie,04/05/2019 ,Singing the Traditional Songs of Her Kentucky Mountain Family [LP] - VINYL,22.99,In Stock
Lloyd Price,11/13/2012 ,The Exciting Lloyd Price [LP] - VINYL,14.99,In Stock
Family Portrait,12/09/2011 ,Dark Roast [LP] - VINYL,14.99,In Stock
Adele Sebastian,05/31/2019 ,Desert Fairy Princess [LP] - VINYL,39.99,In Stock
Sportsman,06/09/2017 ,Neverland [LP] - VINYL,29.99,In Stock
John Lennon,08/21/2015 ,Milk and Honey [LP] - VINYL,22.99,In Stock
Alice Merton,01/18/2019 ,Mint [LP] - VINYL,22.99,In Stock
Kevin Krauter,06/22/2018 ,Toss Up [Coloured Vinyl] [LP] - VINYL,19.99,In Stock
Led Zeppelin,06/03/2014 ,Led Zeppelin 3 [Deluxe Edition] [LP] - VINYL,39.99,In Stock
Gold Chains,10/12/2004 ,When the World Was Our Friend [LP] - VINYL,14.99,In Stock
Jughead's Revenge,05/09/1994 ,Elimination [LP] - VINYL,12.99,In Stock
X,04/12/2019 ,Under the Big Black Sun [LP] - VINYL,17.99,In Stock
